Workbook

Sheet Project Overview
B2: PROJECT PLAN & PROGRESS: ENGLISH AI SYSTEM
B3: Personalized High School Graduation Exam Preparation Platform
B5: Project Start Date: | C5: 27/05/2026
B6: Target Completion Date: | C6: 30/06/2026
B7: Total Personnel: | C7: 1
B8: Overall Project Status: | C8: In Progress
B10: Total Tasks | C10: Completed | D10: In Progress | E10: Not Started | F10: Delayed | G10: Overall Progress
B11: =COUNTA('Detailed Plan'!B5:B35) -> 7 | C11: =COUNTIF('Detailed Plan'!G5:G35, "Completed") -> 0 | D11: =COUNTIF('Detailed Plan'!G5:G35, "In Progress") -> 7 | E11: =COUNTIF('Detailed Plan'!G5:G35, "Not Started") -> 0 | F11: =COUNTIF('Detailed Plan'!G5:G35, "Delayed") -> 0 | G11: =AVERAGE('Detailed Plan'!H5:H35) -> 0.12857143
B14: PROGRESS BY PROCESS PHASES
B15: Phase Code | C15: Project Phase | D15: Total Tasks | E15: Tasks Completed | F15: Completion Rate
B16: PHASE 1 | C16: Appearance - UX/UI Design | D16: =COUNTIF('Detailed Plan'!A5:A35,"PHASE 1") -> 4 | E16: =COUNTIFS('Detailed Plan'!A5:A35,"PHASE 1",'Detailed Plan'!G5:G35,"Completed") -> 0 | F16: =IF(D16>0, E16/D16, 0) -> 0
B17: PHASE 2 | C17: AI Intergaration | D17: =COUNTIF('Detailed Plan'!A5:A35,"PHASE 2") -> 3 | E17: =COUNTIFS('Detailed Plan'!A5:A35,"PHASE 2",'Detailed Plan'!G5:G35,"Completed") -> 0 | F17: =IF(D17>0, E17/D17, 0) -> 0
D18: =COUNTIF('Detailed Plan'!A5:A35,"PHASE 3") -> 0 | E18: =COUNTIFS('Detailed Plan'!A5:A35,"PHASE 3",'Detailed Plan'!G5:G35,"Completed") -> 0 | F18: =IF(D18>0, E18/D18, 0) -> 0
D19: =COUNTIF('Detailed Plan'!A5:A35,"PHASE 4") -> 0 | E19: =COUNTIFS('Detailed Plan'!A5:A35,"PHASE 4",'Detailed Plan'!G5:G35,"Completed") -> 0 | F19: =IF(D19>0, E19/D19, 0) -> 0
D20: =COUNTIF('Detailed Plan'!A5:A35,"PHASE 5") -> 0 | E20: =COUNTIFS('Detailed Plan'!A5:A35,"PHASE 5",'Detailed Plan'!G5:G35,"Completed") -> 0 | F20: =IF(D20>0, E20/D20, 0) -> 0
D21: =COUNTIF('Detailed Plan'!A5:A35,"PHASE 6") -> 0 | E21: =COUNTIFS('Detailed Plan'!A5:A35,"PHASE 6",'Detailed Plan'!G5:G35,"Completed") -> 0 | F21: =IF(D21>0, E21/D21, 0) -> 0

Sheet Detailed Plan
A2: DETAILED PROJECT TIMELINE & TASK TRACKING
A4: Phase Code | B4: Task Name | C4: Detailed Description / Deliverables | D4: Assignee | E4: Start Date | F4: End Date | G4: Status | H4: Progress
A5: PHASE 1 | B5: UX/UI Design | C5: Create UX/UI for teacher's page and student's page | D5: Leo Harrison | E5: 27/05/2026 | G5: In Progress | H5: 0.2
A6: PHASE 1 | B6: UX/UI Design | C6: Add functions (upload file, test assignment, etc) | D6: Leo Harrison | E6: 27/05/2026 | G6: In Progress | H6: 0.1
A7: PHASE 1 | B7: Result Tracking | C7: Create dashboard for score/process tracking using charts | D7: Leo Harrison | E7: 27/05/2026 | G7: In Progress | H7: 0.1
A8: PHASE 1 | B8: Result Tracking | C8: Add functions if students finish test without mistakes three times in row, it will change the status to "Resolved" | D8: Leo Harrison | E8: 27/05/2026 | G8: In Progress | H8: 0.1
A9: PHASE 2 | B9: AI Intergration | C9: Intergrate Groq AI to explain the result of test | D9: Leo Harrison | E9: 27/05/2026 | G9: In Progress | H9: 0.3
A10: PHASE 2 | B10: AI Intergration | C10: Groq AI analyse process/score and personalizedly gives advice | D10: Leo Harrison | E10: 27/05/2026 | G10: In Progress | H10: 0
A11: PHASE 2 | B11: Personalized Learning Process | C11: Groq AI saves wrong questions and answer to database as general knowledge. For instance, students' wrong answer is Conditional Sentence, AI saves it as the name of mistakes (Conditional Sentences) | D11: Leo Harrison | E11: 27/05/2026 | G11: In Progress | H11: 0.1
